Year,Name,Cat,Start_date,End_date
1980,ALLEN,Cat5,1980-07-31T12,1980-08-11T18
1980,BONNIE,Cat1,1980-08-14T00,1980-08-19T18
1980,CHARLEY,TS,1980-08-20T12,1980-08-25T18
1980,GEORGES,TS,1980-09-01T00,1980-09-08T18
1980,EARL,TS,1980-09-04T12,1980-09-11T00
1980,DANIELLE,TS,1980-09-04T18,1980-09-07T12
1980,FRANCES,Cat2,1980-09-06T00,1980-09-21T00
1980,HERMINE,TS,1980-09-20T12,1980-09-26T00
1980,IVAN,Cat1,1980-10-01T00,1980-10-12T00
1980,JEANNE,Cat1,1980-11-07T18,1980-11-16T06
1980,KARL,Cat1,1980-11-25T00,1980-11-28T00
1981,ARLENE,TS,1981-05-06T18,1981-05-09T06
1981,BRET,TS,1981-06-29T12,1981-07-01T12
1981,CINDY,TS,1981-08-02T18,1981-08-05T12
1981,DENNIS,TS,1981-08-07T06,1981-08-22T00
1981,EMILY,Cat1,1981-08-31T12,1981-09-12T00
1981,FLOYD,Cat2,1981-09-03T12,1981-09-12T12
1981,GERT,Cat1,1981-09-07T00,1981-09-15T18
1981,HARVEY,Cat3,1981-09-11T18,1981-09-20T00
1981,IRENE,Cat2,1981-09-21T12,1981-10-03T06
1981,JOSE,TS,1981-10-29T12,1981-11-02T00
1981,KATRINA,Cat1,1981-11-03T00,1981-11-07T18
1982,ALBERTO,Cat1,1982-06-02T12,1982-06-06T12
1982,BERYL,TS,1982-08-28T12,1982-09-06T12
1982,CHRIS,TS,1982-09-09T00,1982-09-12T18
1982,DEBBY,Cat3,1982-09-13T12,1982-09-20T18
1982,ERNESTO,TS,1982-09-30T12,1982-10-03T00
1983,ALICIA,Cat2,1983-08-15T12,1983-08-21T06
1983,BARRY,TS,1983-08-23T18,1983-08-29T12
1983,CHANTAL,TS,1983-09-10T12,1983-09-15T06
1983,DEAN,TS,1983-09-26T18,1983-09-30T18
1984,ARTHUR,TS,1984-08-28T18,1984-09-05T18
1984,BERTHA,TD,1984-08-30T12,1984-09-04T18
1984,CESAR,TS,1984-08-31T00,1984-09-02T18
1984,DIANA,Cat3,1984-09-08T12,1984-09-16T06
1984,EDOUARD,TS,1984-09-14T00,1984-09-15T12
1984,FRAN,TS,1984-09-15T12,1984-09-20T12
1984,GUSTAV,TS,1984-09-16T18,1984-09-19T06
1984,HORTENSE,TS,1984-09-23T00,1984-10-02T18
1984,ISIDORE,TS,1984-09-25T12,1984-10-01T12
1984,JOSEPHINE,Cat1,1984-10-07T06,1984-10-21T00
1984,KLAUS,Cat1,1984-11-05T18,1984-11-13T18
1984,LILI,TS,1984-12-12T12,1984-12-24T12
1985,ANA,TS,1985-07-15T18,1985-07-19T12
1985,BOB,TS,1985-07-21T06,1985-07-26T00
1985,CLAUDETTE,Cat1,1985-08-09T18,1985-08-17T00
1985,DANNY,Cat1,1985-08-12T00,1985-08-20T18
1985,ELENA,Cat2,1985-08-28T00,1985-09-04T18
1985,FABIAN,TS,1985-09-15T18,1985-09-19T12
1985,GLORIA,Cat3,1985-09-16T12,1985-10-02T00
1985,HENRI,TS,1985-09-21T18,1985-09-25T00
1985,ISABEL,TS,1985-10-07T00,1985-10-15T12
1985,JUAN,Cat1,1985-10-26T00,1985-11-01T18
1985,KATE,Cat2,1985-11-15T18,1985-11-23T18
1986,ANDREW,TS,1986-06-05T00,1986-06-08T18
1986,BONNIE,Cat1,1986-06-23T18,1986-06-28T12
1986,CHARLEY,TS,1986-08-13T12,1986-08-30T00
1986,DANIELLE,TS,1986-09-07T06,1986-09-10T12
1986,EARL,Cat1,1986-09-10T18,1986-09-20T00
1986,FRANCES,Cat1,1986-11-18T18,1986-11-21T18
1987,ARLENE,TS,1987-08-08T00,1987-08-28T00
1987,BRET,TS,1987-08-18T00,1987-08-24T06
1987,CINDY,TS,1987-09-05T12,1987-09-10T18
1987,DENNIS,TS,1987-09-08T18,1987-09-20T18
1987,EMILY,Cat2,1987-09-20T00,1987-09-26T18
1987,FLOYD,TS,1987-10-09T06,1987-10-14T00
1988,ALBERTO,TD,1988-08-05T18,1988-08-08T18
1988,BERYL,TS,1988-08-08T00,1988-08-10T18
1988,CHRIS,TS,1988-08-21T12,1988-08-30T18
1988,DEBBY,TS,1988-08-31T18,1988-09-08T18
1988,ERNESTO,TS,1988-09-03T00,1988-09-05T00
1988,FLORENCE,TS,1988-09-07T06,1988-09-11T12
1988,GILBERT,Cat5,1988-09-08T18,1988-09-20T00
1988,HELENE,Cat3,1988-09-19T18,1988-09-30T12
1988,ISAAC,TS,1988-09-28T18,1988-10-01T12
1988,JOAN,Cat3,1988-10-10T18,1988-10-23T06
1988,KEITH,TS,1988-11-17T18,1988-11-26T18
1989,ALLISON,TS,1989-06-24T18,1989-07-01T12
1989,BARRY,TS,1989-07-09T18,1989-07-14T00
1989,CHANTAL,TS,1989-07-30T12,1989-08-03T00
1989,DEAN,Cat1,1989-07-31T06,1989-08-09T06
1989,ERIN,Cat1,1989-08-18T00,1989-08-27T00
1989,FELIX,Cat1,1989-08-26T00,1989-09-10T12
1989,GABRIELLE,Cat3,1989-08-30T12,1989-09-13T12
1989,HUGO,Cat4,1989-09-10T12,1989-09-25T12
1989,IRIS,TS,1989-09-16T18,1989-09-21T18
1989,JERRY,Cat1,1989-10-12T12,1989-10-16T18
1989,KAREN,TS,1989-11-28T12,1989-12-04T06
1990,ARTHUR,TS,1990-07-22T06,1990-07-27T12
1990,BERTHA,TS,1990-07-24T12,1990-08-02T12
1990,CESAR,TS,1990-07-31T00,1990-08-07T12
1990,EDOUARD,TS,1990-08-02T18,1990-08-13T12
1990,DIANA,Cat1,1990-08-04T00,1990-08-09T12
1990,FRAN,TD,1990-08-11T12,1990-08-14T12
1990,GUSTAV,Cat2,1990-08-24T06,1990-09-03T06
1990,HORTENSE,TS,1990-08-25T00,1990-08-31T06
1990,ISIDORE,Cat1,1990-09-04T00,1990-09-17T12
1990,JOSEPHINE,Cat1,1990-09-21T06,1990-10-06T12
1990,KLAUS,TS,1990-10-03T12,1990-10-09T12
1990,LILI,TS,1990-10-06T06,1990-10-15T12
1990,MARCO,TS,1990-10-09T12,1990-10-13T12
1990,NANA,Cat1,1990-10-16T00,1990-10-21T12
1991,ANA,TS,1991-06-29T12,1991-07-05T12
1991,BOB,Cat2,1991-08-16T00,1991-08-29T00
1991,CLAUDETTE,Cat3,1991-09-04T12,1991-09-14T18
1991,DANNY,TS,1991-09-07T00,1991-09-11T12
1991,ERIKA,TS,1991-09-08T18,1991-09-12T18
1991,FABIAN,TS,1991-10-15T00,1991-10-17T00
1991,GRACE,Cat1,1991-10-25T18,1991-10-29T18
1992,ANDREW,Cat4,1992-08-16T18,1992-08-28T06
1992,BONNIE,Cat1,1992-09-17T18,1992-10-02T18
1992,CHARLEY,Cat1,1992-09-21T18,1992-09-29T00
1992,DANIELLE,TS,1992-09-22T12,1992-09-26T12
1992,EARL,TS,1992-09-26T18,1992-10-03T18
1992,FRANCES,Cat1,1992-10-22T12,1992-10-30T00
1993,ARLENE,TD,1993-06-18T00,1993-06-21T06
1993,BRET,TS,1993-08-04T12,1993-08-11T12
1993,CINDY,TS,1993-08-14T12,1993-08-17T00
1993,EMILY,Cat2,1993-08-22T18,1993-09-06T12
1993,DENNIS,TS,1993-08-23T12,1993-08-28T12
1993,FLOYD,TS,1993-09-07T12,1993-09-13T00
1993,GERT,Cat1,1993-09-14T18,1993-09-21T18
1993,HARVEY,TS,1993-09-18T18,1993-09-21T18
1994,ALBERTO,TS,1994-06-30T06,1994-07-07T18
1994,BERYL,TS,1994-08-14T12,1994-08-19T00
1994,CHRIS,TS,1994-08-16T12,1994-08-23T18
1994,DEBBY,TS,1994-09-09T12,1994-09-11T00
1994,ERNESTO,TS,1994-09-21T18,1994-09-26T00
1994,FLORENCE,Cat1,1994-11-02T00,1994-11-08T18
1994,GORDON,Cat1,1994-11-08T12,1994-11-21T18
1995,ALLISON,TS,1995-06-03T00,1995-06-11T00
1995,BARRY,TS,1995-07-05T06,1995-07-10T06
1995,CHANTAL,TS,1995-07-12T00,1995-07-22T00
1995,DEAN,TS,1995-07-28T18,1995-08-02T18
1995,ERIN,Cat1,1995-07-31T00,1995-08-06T12
1995,FELIX,Cat3,1995-08-08T00,1995-08-25T00
1995,GABRIELLE,TS,1995-08-09T18,1995-08-12T00
1995,HUMBERTO,Cat1,1995-08-22T00,1995-09-01T00
1995,IRIS,Cat1,1995-08-22T12,1995-09-07T12
1995,JERRY,TD,1995-08-22T18,1995-08-28T00
1995,KAREN,TS,1995-08-26T12,1995-09-03T00
1995,LUIS,Cat4,1995-08-28T18,1995-09-12T18
1995,MARILYN,Cat2,1995-09-12T18,1995-10-01T18
1995,NOEL,TS,1995-09-26T18,1995-10-07T18
1995,OPAL,Cat4,1995-09-27T18,1995-10-06T18
1995,PABLO,TS,1995-10-04T18,1995-10-08T12
1995,ROXANNE,Cat2,1995-10-07T18,1995-10-21T00
1995,SEBASTIEN,TS,1995-10-20T12,1995-10-25T00
1995,TANYA,Cat1,1995-10-27T00,1995-11-03T00
1996,ARTHUR,TS,1996-06-17T18,1996-06-23T00
1996,BERTHA,Cat2,1996-07-05T00,1996-07-17T06
1996,CESAR,Cat1,1996-07-24T18,1996-07-28T18
1996,DOLLY,TS,1996-08-19T06,1996-08-25T00
1996,EDOUARD,Cat3,1996-08-19T18,1996-09-06T18
1996,FRAN,Cat2,1996-08-23T12,1996-09-10T00
1996,GUSTAV,TS,1996-08-26T00,1996-09-02T00
1996,HORTENSE,Cat3,1996-09-03T12,1996-09-16T06
1996,ISIDORE,Cat2,1996-09-24T12,1996-10-02T12
1996,JOSEPHINE,TS,1996-10-04T18,1996-10-16T00
1996,KYLE,TS,1996-10-11T12,1996-10-12T18
1996,LILI,Cat2,1996-10-14T12,1996-10-29T00
1996,MARCO,TS,1996-11-13T12,1996-11-26T18
1997,ANA,TS,1997-06-30T12,1997-07-05T00
1997,BILL,TS,1997-07-11T06,1997-07-13T06
1997,CLAUDETTE,TS,1997-07-13T00,1997-07-16T18
1997,DANNY,TS,1997-07-16T12,1997-07-27T12
1997,ERIKA,Cat2,1997-09-03T06,1997-09-19T18
1997,FABIAN,TS,1997-10-04T18,1997-10-08T18
1997,GRACE,TS,1997-10-14T12,1997-10-17T12
1998,ALEX,TS,1998-07-27T12,1998-08-02T18
1998,BONNIE,Cat2,1998-08-19T12,1998-08-31T06
1998,CHARLEY,TS,1998-08-21T06,1998-08-24T00
1998,DANIELLE,Cat1,1998-08-24T06,1998-09-08T06
1998,EARL,Cat1,1998-08-31T12,1998-09-08T12
1998,FRANCES,TS,1998-09-08T18,1998-09-13T18
1998,GEORGES,Cat4,1998-09-15T12,1998-10-01T06
1998,HERMINE,TS,1998-09-17T12,1998-09-20T18
1998,IVAN,Cat1,1998-09-19T00,1998-09-27T18
1998,JEANNE,Cat1,1998-09-21T06,1998-10-04T12
1998,KARL,Cat1,1998-09-23T12,1998-09-29T18
1998,LISA,TS,1998-10-05T00,1998-10-10T00
1998,MITCH,Cat4,1998-10-22T00,1998-11-09T18
1998,NICOLE,Cat1,1998-11-24T00,1998-12-02T12
1999,ARLENE,TS,1999-06-11T18,1999-06-18T00
1999,BRET,Cat3,1999-08-18T18,1999-08-25T00
1999,CINDY,Cat3,1999-08-19T00,1999-08-31T12
1999,DENNIS,Cat1,1999-08-24T00,1999-09-08T18
1999,EMILY,TS,1999-08-24T06,1999-08-28T12
1999,FLOYD,Cat4,1999-09-07T18,1999-09-19T12
1999,GERT,Cat4,1999-09-11T12,1999-09-23T12
1999,HARVEY,TS,1999-09-19T06,1999-09-22T00
1999,IRENE,Cat1,1999-10-12T12,1999-10-19T18
1999,JOSE,Cat1,1999-10-17T18,1999-10-25T12
1999,KATRINA,TD,1999-10-28T18,1999-11-01T12
1999,LENNY,Cat4,1999-11-13T18,1999-11-23T06
2000,ALBERTO,Cat2,2000-08-03T18,2000-08-25T06
2000,BERYL,TS,2000-08-13T18,2000-08-15T18
2000,CHRIS,TD,2000-08-17T12,2000-08-19T12
2000,DEBBY,Cat1,2000-08-19T18,2000-08-24T12
2000,ERNESTO,TD,2000-09-01T12,2000-09-03T18
2000,FLORENCE,TS,2000-09-10T18,2000-09-17T18
2000,GORDON,TS,2000-09-14T12,2000-09-21T06
2000,HELENE,TS,2000-09-15T12,2000-09-25T18
2000,ISAAC,Cat3,2000-09-21T12,2000-10-04T06
2000,JOYCE,Cat1,2000-09-25T12,2000-10-02T06
2000,KEITH,Cat3,2000-09-28T18,2000-10-06T12
2000,LESLIE,TS,2000-10-04T12,2000-10-10T18
2000,MICHAEL,Cat1,2000-10-15T12,2000-10-20T18
2000,NADINE,TS,2000-10-19T12,2000-10-22T12
2001,ALLISON,TS,2001-06-05T12,2001-06-19T00
2001,BARRY,TS,2001-08-02T12,2001-08-08T06
2001,CHANTAL,TS,2001-08-14T18,2001-08-22T12
2001,DEAN,TS,2001-08-22T12,2001-08-29T12
2001,ERIN,Cat2,2001-09-01T18,2001-09-17T00
2001,FELIX,Cat2,2001-09-07T18,2001-09-19T00
2001,GABRIELLE,TS,2001-09-11T18,2001-09-21T18
2001,HUMBERTO,Cat1,2001-09-21T12,2001-09-27T18
2001,IRIS,Cat3,2001-10-04T12,2001-10-09T12
2001,JERRY,TS,2001-10-06T12,2001-10-08T18
2001,KAREN,TS,2001-10-11T06,2001-10-15T18
2001,LORENZO,TD,2001-10-27T12,2001-10-31T06
2001,MICHELLE,Cat3,2001-10-29T18,2001-11-06T18
2001,NOEL,TS,2001-11-04T00,2001-11-06T18
2001,OLGA,Cat1,2001-11-23T06,2001-12-04T18
2002,ARTHUR,TS,2002-07-14T18,2002-07-19T12
2002,BERTHA,TD,2002-08-04T18,2002-08-09T12
2002,CRISTOBAL,TS,2002-08-05T18,2002-08-08T18
2002,DOLLY,TS,2002-08-29T12,2002-09-04T18
2002,EDOUARD,TS,2002-09-01T18,2002-09-06T12
2002,FAY,TS,2002-09-05T18,2002-09-11T00
2002,GUSTAV,Cat1,2002-09-08T12,2002-09-15T00
2002,HANNA,TS,2002-09-12T00,2002-09-15T12
2002,ISIDORE,Cat2,2002-09-14T18,2002-09-27T18
2002,JOSEPHINE,TS,2002-09-17T12,2002-09-19T12
2002,KYLE,Cat1,2002-09-20T18,2002-10-12T12
2002,LILI,Cat3,2002-09-21T18,2002-10-04T12
2003,ANA,TS,2003-04-18T00,2003-04-27T12
2003,BILL,TS,2003-06-28T06,2003-07-03T00
2003,CLAUDETTE,Cat1,2003-07-07T00,2003-07-17T12
2003,DANNY,TS,2003-07-16T12,2003-07-27T06
2003,ERIKA,TS,2003-08-14T18,2003-08-17T00
2003,FABIAN,Cat3,2003-08-27T18,2003-09-09T18
2003,GRACE,TD,2003-08-30T12,2003-09-02T06
2003,HENRI,TS,2003-09-03T18,2003-09-08T18
2003,ISABEL,Cat4,2003-09-06T00,2003-09-20T00
2003,JUAN,Cat1,2003-09-24T12,2003-09-29T12
2003,KATE,Cat2,2003-09-25T18,2003-10-10T00
2003,LARRY,TS,2003-09-27T18,2003-10-07T18
2003,MINDY,TS,2003-10-10T18,2003-10-14T00
2003,NICHOLAS,TS,2003-10-13T00,2003-11-01T18
2003,ODETTE,TS,2003-12-04T12,2003-12-09T18
2003,PETER,TS,2003-12-07T18,2003-12-11T06
2004,ALEX,Cat2,2004-07-31T18,2004-08-06T18
2004,BONNIE,TS,2004-08-03T12,2004-08-14T00
2004,CHARLEY,Cat4,2004-08-09T12,2004-08-15T12
2004,DANIELLE,Cat1,2004-08-13T12,2004-08-24T18
2004,EARL,TS,2004-08-13T18,2004-08-15T18
2004,FRANCES,Cat3,2004-08-25T00,2004-09-10T18
2004,GASTON,TS,2004-08-27T12,2004-09-03T00
2004,HERMINE,TS,2004-08-27T18,2004-08-31T12
2004,IVAN,Cat4,2004-09-02T18,2004-09-24T06
2004,JEANNE,Cat2,2004-09-13T18,2004-09-29T12
2004,KARL,Cat3,2004-09-16T06,2004-09-28T00
2004,LISA,TS,2004-09-19T18,2004-10-03T06
2004,MATTHEW,TS,2004-10-08T12,2004-10-11T06
2004,NICOLE,TS,2004-10-10T00,2004-10-11T18
2004,OTTO,TS,2004-11-26T00,2004-12-05T12
2005,ARLENE,TS,2005-06-08T18,2005-06-14T06
2005,BRET,TD,2005-06-28T18,2005-06-30T00
2005,CINDY,TS,2005-07-03T18,2005-07-11T06
2005,DENNIS,Cat4,2005-07-04T18,2005-07-18T06
2005,EMILY,Cat4,2005-07-11T00,2005-07-21T12
2005,FRANKLIN,TS,2005-07-21T18,2005-07-31T00
2005,GERT,TS,2005-07-23T18,2005-07-25T18
2005,HARVEY,TS,2005-08-02T18,2005-08-14T00
2005,IRENE,Cat1,2005-08-04T18,2005-08-18T12
2005,TEN,TD,2005-08-13T12,2005-08-18T12
2005,JOSE,TS,2005-08-22T12,2005-08-23T12
2005,KATRINA,Cat4,2005-08-23T18,2005-08-31T06
2005,LEE,TD,2005-08-28T12,2005-09-03T18
2005,MARIA,Cat2,2005-09-01T12,2005-09-14T00
2005,NATE,Cat1,2005-09-05T18,2005-09-12T18
2005,OPHELIA,Cat1,2005-09-06T06,2005-09-23T00
2005,PHILIPPE,TS,2005-09-17T12,2005-09-24T06
2005,RITA,Cat4,2005-09-18T00,2005-09-26T06
2005,NINETEEN,TD,2005-09-30T12,2005-10-02T12
2005,STAN,TS,2005-10-01T12,2005-10-05T06
2005,TAMMY,TS,2005-10-05T06,2005-10-07T00
2005,TWENTY-TWO,TS,2005-10-08T06,2005-10-14T18
2005,VINCE,TS,2005-10-08T06,2005-10-11T12
2005,WILMA,Cat5,2005-10-15T18,2005-10-26T18
2005,ALPHA,TS,2005-10-22T12,2005-10-24T18
2005,BETA,Cat2,2005-10-26T18,2005-10-31T00
2005,GAMMA,TS,2005-11-14T00,2005-11-22T00
2005,DELTA,TS,2005-11-19T12,2005-11-29T18
2005,EPSILON,Cat1,2005-11-29T06,2005-12-09T18
2005,ZETA,TS,2005-12-30T00,2006-01-07T18
2006,ALBERTO,TS,2006-06-10T06,2006-06-19T06
2006,BERYL,TS,2006-07-18T12,2006-07-22T12
2006,CHRIS,TS,2006-08-01T00,2006-08-06T12
2006,DEBBY,TS,2006-08-21T18,2006-08-28T00
2006,ERNESTO,TS,2006-08-24T18,2006-09-04T06
2006,FLORENCE,Cat1,2006-09-03T18,2006-09-19T00
2006,GORDON,Cat2,2006-09-10T18,2006-09-24T18
2006,HELENE,Cat2,2006-09-12T12,2006-09-27T18
2006,ISAAC,Cat1,2006-09-27T18,2006-10-03T12
2007,ANDREA,TS,2007-05-06T12,2007-05-14T00
2007,BARRY,TS,2007-05-31T00,2007-06-05T12
2007,CHANTAL,TS,2007-07-31T00,2007-08-05T12
2007,DEAN,Cat4,2007-08-13T06,2007-08-23T00
2007,ERIN,TS,2007-08-15T00,2007-08-19T18
2007,FELIX,Cat4,2007-08-31T12,2007-09-06T18
2007,GABRIELLE,TS,2007-09-08T00,2007-09-11T06
2007,INGRID,TS,2007-09-12T06,2007-09-18T12
2007,HUMBERTO,Cat1,2007-09-12T06,2007-09-14T12
2007,TEN,TD,2007-09-21T12,2007-09-22T06
2007,JERRY,TD,2007-09-23T00,2007-09-24T18
2007,KAREN,TS,2007-09-25T00,2007-09-29T12
2007,LORENZO,TS,2007-09-25T18,2007-09-28T18
2007,MELISSA,TD,2007-09-28T06,2007-10-05T18
2007,FIFTEEN,TS,2007-10-11T12,2007-10-17T18
2007,NOEL,Cat1,2007-10-24T00,2007-11-06T00
2007,OLGA,TS,2007-12-10T12,2007-12-16T06
2008,ARTHUR,TS,2008-05-31T00,2008-06-02T00
2008,BERTHA,Cat2,2008-07-03T06,2008-07-21T06
2008,CRISTOBAL,TS,2008-07-19T00,2008-07-23T06
2008,DOLLY,Cat1,2008-07-20T12,2008-07-27T00
2008,EDOUARD,TS,2008-08-03T12,2008-08-06T18
2008,FAY,TS,2008-08-15T12,2008-08-28T06
2008,GUSTAV,Cat4,2008-08-25T00,2008-09-05T12
2008,HANNA,Cat1,2008-08-28T00,2008-09-08T12
2008,IKE,Cat3,2008-09-01T06,2008-09-15T12
2008,JOSEPHINE,TS,2008-09-02T00,2008-09-10T00
2008,KYLE,Cat1,2008-09-25T00,2008-09-30T12
2008,LAURA,TS,2008-09-26T00,2008-10-04T06
2008,MARCO,TS,2008-10-06T00,2008-10-07T18
2008,NANA,TD,2008-10-12T06,2008-10-15T12
2008,OMAR,Cat3,2008-10-13T06,2008-10-21T00
2008,SIXTEEN,TD,2008-10-14T12,2008-10-16T00
2008,PALOMA,Cat3,2008-11-05T18,2008-11-14T06
2009,ONE,TD,2009-05-26T18,2009-05-30T06
2009,ANA,TD,2009-08-10T06,2009-08-16T12
2009,BILL,Cat3,2009-08-15T06,2009-08-26T00
2009,CLAUDETTE,TS,2009-08-16T06,2009-08-17T18
2009,DANNY,TS,2009-08-26T09,2009-08-29T00
2009,ERIKA,TS,2009-09-01T18,2009-09-04T06
2009,FRED,Cat2,2009-09-07T18,2009-09-19T12
2009,EIGHT,TD,2009-09-25T06,2009-09-26T18
2009,GRACE,TS,2009-09-27T18,2009-10-06T18
2009,HENRI,TS,2009-10-06T00,2009-10-11T12
2009,IDA,Cat1,2009-11-04T06,2009-11-11T06
2010,ALEX,Cat1,2010-06-24T18,2010-07-02T00
2010,TWO,TD,2010-07-07T06,2010-07-10T00
2010,BONNIE,TS,2010-07-22T06,2010-07-25T18
2010,COLIN,TS,2010-08-02T12,2010-08-08T06
2010,FIVE,TD,2010-08-10T06,2010-08-18T00
2010,DANIELLE,Cat3,2010-08-21T12,2010-09-03T00
2010,EARL,Cat3,2010-08-24T00,2010-09-06T00
2010,FIONA,TS,2010-08-30T00,2010-09-04T18
2010,GASTON,TD,2010-09-01T00,2010-09-08T06
2010,HERMINE,TS,2010-09-04T18,2010-09-10T00
2010,IGOR,Cat4,2010-09-08T06,2010-09-23T00
2010,JULIA,Cat3,2010-09-12T06,2010-09-24T18
2010,KARL,Cat2,2010-09-13T18,2010-09-18T06
2010,LISA,Cat1,2010-09-20T00,2010-09-29T00
2010,MATTHEW,TS,2010-09-23T12,2010-09-26T18
2010,NICOLE,TS,2010-09-28T00,2010-09-30T12
2010,OTTO,Cat1,2010-10-06T06,2010-10-17T18
2010,PAULA,Cat1,2010-10-11T00,2010-10-15T18
2010,RICHARD,Cat1,2010-10-19T18,2010-10-26T12
2010,SHARY,TS,2010-10-28T18,2010-10-30T18
2010,TOMAS,Cat1,2010-10-29T06,2010-11-10T18
2011,ARLENE,TS,2011-06-28T06,2011-07-01T00
2011,BRET,TS,2011-07-16T06,2011-07-23T06
2011,CINDY,TS,2011-07-20T06,2011-07-23T06
2011,DON,TS,2011-07-27T06,2011-07-30T06
2011,EMILY,TS,2011-08-02T00,2011-08-07T18
2011,FRANKLIN,TS,2011-08-12T12,2011-08-16T00
2011,GERT,TS,2011-08-13T06,2011-08-17T18
2011,HARVEY,TS,2011-08-19T00,2011-08-22T12
2011,IRENE,Cat2,2011-08-21T00,2011-08-30T00
2011,TEN,TD,2011-08-25T00,2011-08-27T00
2011,JOSE,TS,2011-08-26T12,2011-08-29T12
2011,KATIA,Cat3,2011-08-28T00,2011-09-12T18
2011,LEE,TS,2011-09-02T00,2011-09-06T18
2011,MARIA,TS,2011-09-06T18,2011-09-16T18
2011,NATE,TS,2011-09-06T18,2011-09-12T00
2011,OPHELIA,Cat3,2011-09-20T06,2011-10-04T12
2011,PHILIPPE,Cat1,2011-09-23T00,2011-10-09T00
2011,RINA,Cat2,2011-10-22T00,2011-10-29T06
2011,SEAN,TS,2011-11-06T00,2011-11-12T18
2012,ALBERTO,TS,2012-05-19T00,2012-05-23T18
2012,BERYL,TS,2012-05-25T12,2012-06-02T00
2012,CHRIS,Cat1,2012-06-17T00,2012-06-24T12
2012,DEBBY,TS,2012-06-23T12,2012-06-27T12
2012,ERNESTO,Cat1,2012-08-01T12,2012-08-10T06
2012,FLORENCE,TS,2012-08-03T06,2012-08-08T06
2012,HELENE,TS,2012-08-09T18,2012-08-19T00
2012,GORDON,Cat1,2012-08-15T12,2012-08-21T12
2012,ISAAC,TS,2012-08-20T12,2012-09-01T06
2012,JOYCE,TD,2012-08-21T18,2012-08-24T12
2012,KIRK,Cat1,2012-08-28T18,2012-09-03T00
2012,LESLIE,TS,2012-08-28T12,2012-09-12T00
2012,MICHAEL,Cat2,2012-09-02T00,2012-09-12T06
2012,NADINE,Cat1,2012-09-10T12,2012-10-04T06
2012,OSCAR,TS,2012-10-02T12,2012-10-05T12
2012,PATTY,TS,2012-10-10T18,2012-10-13T06
2012,RAFAEL,Cat1,2012-10-12T18,2012-10-26T12
2012,SANDY,Cat2,2012-10-21T18,2012-10-31T12
2012,TONY,TS,2012-10-21T18,2012-10-26T12
2013,ANDREA,TS,2013-06-05T18,2013-06-08T18
2013,BARRY,TS,2013-06-16T00,2013-06-21T00
2013,CHANTAL,TS,2013-07-07T12,2013-07-10T12
2013,DORIAN,TS,2013-07-22T18,2013-08-04T06
2013,ERIN,TS,2013-08-15T00,2013-08-19T18
2013,FERNAND,TS,2013-08-25T12,2013-08-26T18
2013,GABRIELLE,TS,2013-09-04T18,2013-09-13T12
2013,EIGHT,TD,2013-09-06T12,2013-09-07T06
2013,HUMBERTO,Cat1,2013-09-08T00,2013-09-19T06
2013,INGRID,Cat1,2013-09-12T06,2013-09-17T06
2013,JERRY,TS,2013-09-28T00,2013-10-06T00
2013,KAREN,TS,2013-10-03T06,2013-10-06T06
2013,LORENZO,TS,2013-10-21T06,2013-10-26T06
2013,MELISSA,TS,2013-11-17T00,2013-11-23T06
2014,ARTHUR,Cat1,2014-06-28T18,2014-07-09T18
2014,TWO,TD,2014-07-19T12,2014-07-23T12
2014,BERTHA,TS,2014-07-29T06,2014-08-09T12
2014,CRISTOBAL,Cat1,2014-08-23T18,2014-09-02T06
2014,DOLLY,TS,2014-09-01T12,2014-09-04T00
2014,EDOUARD,Cat2,2014-09-10T18,2014-09-22T06
2014,FAY,TS,2014-10-10T00,2014-10-13T00
2014,GONZALO,Cat3,2014-10-11T18,2014-10-20T06
2014,HANNA,TD,2014-10-21T00,2014-10-29T18
2015,ANA,TS,2015-05-06T06,2015-05-12T18
2015,BILL,TS,2015-06-16T00,2015-06-21T00
2015,CLAUDETTE,TS,2015-07-12T00,2015-07-15T12
2015,DANNY,Cat2,2015-08-17T00,2015-08-24T12
2015,ERIKA,TS,2015-08-24T18,2015-08-28T12
2015,FRED,Cat1,2015-08-30T00,2015-09-06T12
2015,GRACE,TS,2015-09-05T06,2015-09-09T06
2015,HENRI,TS,2015-09-08T06,2015-09-11T06
2015,NINE,TD,2015-09-15T00,2015-09-19T12
2015,IDA,TS,2015-09-15T12,2015-09-28T00
2015,JOAQUIN,Cat4,2015-09-26T18,2015-10-15T00
2015,KATE,Cat1,2015-11-08T18,2015-11-13T12
2016,ALEX,Cat1,2016-01-07T00,2016-01-17T00
2016,BONNIE,TS,2016-05-27T06,2016-06-09T18
2016,COLIN,TS,2016-06-05T12,2016-06-08T18
2016,DANIELLE,TS,2016-06-18T18,2016-06-21T06
2016,EARL,Cat1,2016-08-02T06,2016-08-06T12
2016,FIONA,TS,2016-08-16T18,2016-08-24T06
2016,GASTON,Cat2,2016-08-21T12,2016-09-03T12
2016,EIGHT,TD,2016-08-27T00,2016-09-01T00
2016,HERMINE,TS,2016-08-28T18,2016-09-08T18
2016,IAN,TS,2016-09-12T00,2016-09-17T00
2016,JULIA,TS,2016-09-13T06,2016-09-21T06
2016,KARL,TS,2016-09-12T18,2016-09-26T00
2016,LISA,TS,2016-09-19T06,2016-09-26T12
2016,MATTHEW,Cat4,2016-09-28T12,2016-10-10T00
2016,NICOLE,Cat3,2016-10-04T06,2016-10-19T12
2016,OTTO,Cat2,2016-11-17T18,2016-11-26T12
2017,ARLENE,TS,2017-04-16T06,2017-04-22T18
2017,BRET,TS,2017-06-18T18,2017-06-20T09
2017,CINDY,TS,2017-06-19T18,2017-06-24T06
2017,FOUR,TD,2017-07-05T12,2017-07-07T12
2017,DON,TS,2017-07-17T00,2017-07-18T12
2017,EMILY,TS,2017-07-30T18,2017-08-02T00
2017,FRANKLIN,Cat1,2017-08-06T18,2017-08-10T12
2017,GERT,Cat1,2017-08-12T00,2017-08-18T18
2017,HARVEY,Cat3,2017-08-16T06,2017-09-02T12
2017,IRMA,Cat4,2017-08-30T00,2017-09-13T12
2017,JOSE,Cat4,2017-09-04T06,2017-09-25T06
2017,KATIA,Cat1,2017-09-05T12,2017-09-09T12
2017,LEE,Cat2,2017-09-14T18,2017-09-30T06
2017,MARIA,Cat4,2017-09-16T12,2017-10-02T12
2017,NATE,Cat1,2017-10-03T12,2017-10-11T00
2017,OPHELIA,Cat2,2017-10-06T12,2017-10-17T18
2017,PHILIPPE,TD,2017-10-27T18,2017-10-29T00
2017,RINA,TS,2017-11-04T12,2017-11-09T12
2018,ALBERTO,TS,2018-05-25T12,2018-05-31T12
2018,BERYL,TS,2018-07-04T12,2018-07-17T06
2018,CHRIS,Cat1,2018-07-05T06,2018-07-17T12
2018,DEBBY,TS,2018-08-02T18,2018-08-10T12
2018,ERNESTO,TS,2018-08-15T00,2018-08-19T06
2018,FLORENCE,Cat4,2018-08-30T06,2018-09-18T12
2018,GORDON,TS,2018-09-02T18,2018-09-07T18
2018,HELENE,Cat1,2018-09-07T12,2018-09-17T18
2018,ISAAC,TS,2018-09-07T12,2018-09-15T00
2018,JOYCE,TS,2018-09-12T00,2018-09-21T12
2018,ELEVEN,TD,2018-09-21T18,2018-09-22T18
2018,KIRK,TS,2018-09-22T06,2018-09-28T18
2018,LESLIE,Cat1,2018-09-22T00,2018-10-14T00
2018,MICHAEL,Cat4,2018-10-06T18,2018-10-15T18
2018,NADINE,TS,2018-10-08T12,2018-10-12T18
2018,OSCAR,Cat1,2018-10-26T18,2018-11-04T12
2019,ANDREA,TD,2019-05-20T18,2019-05-22T06
2019,BARRY,TS,2019-07-10T12,2019-07-16T06
2019,THREE,TD,2019-07-22T12,2019-07-23T12
2019,CHANTAL,TD,2019-08-20T18,2019-08-26T18
2019,DORIAN,Cat5,2019-08-24T06,2019-09-09T00
2019,ERIN,TD,2019-08-26T12,2019-08-29T18
2019,FERNAND,TS,2019-09-03T06,2019-09-05T00
2019,GABRIELLE,TS,2019-09-03T00,2019-09-11T12
2019,HUMBERTO,Cat2,2019-09-12T12,2019-09-20T12
2019,JERRY,Cat1,2019-09-17T00,2019-09-28T00
2019,IMELDA,TS,2019-09-17T12,2019-09-19T00
2019,KAREN,TS,2019-09-22T00,2019-09-27T12
2019,LORENZO,Cat4,2019-09-22T18,2019-10-04T06
2019,MELISSA,TS,2019-10-08T18,2019-10-14T18
2019,FIFTEEN,TD,2019-10-14T12,2019-10-17T12
2019,NESTOR,TS,2019-10-17T12,2019-10-21T00
2019,OLGA,TS,2019-10-25T12,2019-10-27T18
2019,PABLO,TS,2019-10-23T18,2019-10-29T00
2019,REBEKAH,TS,2019-10-27T00,2019-11-01T12
2019,SEBASTIEN,TS,2019-11-19T06,2019-11-27T12
2020,ARTHUR,TS,2020-05-16T18,2020-05-21T00
2020,BERTHA,TS,2020-05-27T06,2020-05-28T12
2020,CRISTOBAL,TS,2020-06-01T18,2020-06-12T06
2020,DOLLY,TS,2020-06-22T06,2020-06-25T00
2020,EDOUARD,TS,2020-07-04T06,2020-07-09T12
2020,FAY,TS,2020-07-05T12,2020-07-11T18
2020,GONZALO,TS,2020-07-20T12,2020-07-25T18
2020,HANNA,Cat1,2020-07-23T00,2020-07-26T18
2020,ISAIAS,Cat1,2020-07-28T12,2020-08-05T06
2020,TEN,TD,2020-07-29T18,2020-08-02T00
2020,JOSEPHINE,TS,2020-08-10T18,2020-08-16T12
2020,KYLE,TS,2020-08-14T12,2020-08-16T00
2020,LAURA,Cat4,2020-08-20T00,2020-08-29T06
2020,MARCO,TS,2020-08-20T18,2020-08-25T18
2020,OMAR,TD,2020-08-30T18,2020-09-06T06
2020,NANA,TS,2020-09-01T06,2020-09-04T00
2020,PAULETTE,Cat1,2020-09-07T00,2020-09-28T12
2020,RENE,TS,2020-09-06T18,2020-09-14T12
2020,SALLY,Cat1,2020-09-11T18,2020-09-18T06
2020,TEDDY,Cat3,2020-09-12T06,2020-09-24T06
2020,VICKY,TS,2020-09-14T00,2020-09-19T18
2020,BETA,TS,2020-09-17T06,2020-09-25T06
2020,WILFRED,TD,2020-09-17T00,2020-09-21T00
2020,ALPHA,TS,2020-09-14T12,2020-09-19T00
2020,GAMMA,TS,2020-10-02T00,2020-10-06T12
2020,DELTA,Cat3,2020-10-04T18,2020-10-11T18
2020,EPSILON,Cat2,2020-10-16T12,2020-10-26T12
2020,ZETA,Cat2,2020-10-24T12,2020-10-30T00
2020,ETA,Cat4,2020-10-31T18,2020-11-14T00
2020,THETA,TS,2020-11-08T12,2020-11-16T12
2020,IOTA,Cat4,2020-11-12T12,2020-11-18T12
2021,ANA,TS,2021-05-20T00,2021-05-24T00
2021,BILL,TS,2021-06-13T18,2021-06-16T00
2021,CLAUDETTE,TS,2021-06-17T18,2021-06-23T00
2021,DANNY,TS,2021-06-27T18,2021-06-29T00
2021,ELSA,Cat1,2021-06-30T18,2021-07-10T06
2021,FRED,TS,2021-08-09T18,2021-08-20T06
2021,GRACE,Cat2,2021-08-13T06,2021-08-21T12
2021,HENRI,TS,2021-08-15T00,2021-08-24T18
2021,IDA,Cat4,2021-08-26T12,2021-09-04T18
2021,KATE,TS,2021-08-27T12,2021-09-01T12
2021,JULIAN,TS,2021-08-28T12,2021-08-31T12
2021,LARRY,Cat2,2021-08-31T18,2021-09-11T18
2021,MINDY,TS,2021-09-08T18,2021-09-10T18
2021,NICHOLAS,TS,2021-09-12T12,2021-09-17T06
2021,ODETTE,TS,2021-09-16T06,2021-09-26T18
2021,PETER,TS,2021-09-19T00,2021-09-22T18
2021,ROSE,TS,2021-09-19T00,2021-09-24T06
2021,SAM,Cat4,2021-09-22T18,2021-10-07T06
2021,TERESA,TS,2021-09-24T06,2021-09-26T12
2021,VICTOR,TS,2021-09-29T00,2021-10-04T06
2021,WANDA,TS,2021-10-25T18,2021-11-08T00
2022,ALEX,TS,2022-06-02T18,2022-06-06T18
2022,BONNIE,Cat2,2022-06-27T18,2022-07-11T00
2022,COLIN,TD,2022-07-01T18,2022-07-02T18
2022,DANIELLE,Cat1,2022-08-31T12,2022-09-15T18
2022,EARL,Cat1,2022-09-02T18,2022-09-15T12
2022,FIONA,Cat3,2022-09-14T06,2022-09-27T18
2022,GASTON,TS,2022-09-19T12,2022-09-27T18
2022,IAN,Cat4,2022-09-22T18,2022-10-01T06
2022,HERMINE,TD,2022-09-23T06,2022-09-26T00
2022,ELEVEN,TD,2022-09-26T18,2022-09-29T12
2022,TWELVE,TD,2022-10-04T12,2022-10-06T18
2022,JULIA,Cat1,2022-10-06T12,2022-10-10T12
2022,KARL,TS,2022-10-11T12,2022-10-15T18
2022,LISA,Cat1,2022-10-30T18,2022-11-05T06
2022,MARTIN,Cat1,2022-10-30T18,2022-11-04T18
2022,NICOLE,TS,2022-11-06T12,2022-11-11T18
